Source,SS,ddof1,ddof2,MS,F,p-unc,p-GG-corr,ng2,eps
frequency,160094.96844820993,1,29,160094.96844820993,685.6145060933238,9.91134421788124e-22,9.91134421788124e-22,0.4851789467373093,1.0
priming,15444.773795008725,1,29,15444.773795008725,86.2110885625981,3.455159750679155e-10,3.455159750679155e-10,0.08334075677100249,1.0
frequency * priming,240.54562756971427,1,29,240.54562756971427,1.1009420537500403,0.30272548471766414,0.30272548471766414,0.001414004864987196,1.0
